,Unnamed: 0,Unnamed: 1,Unnamed: 2,Unnamed: 3,Unnamed: 4,Unnamed: 5,Unnamed: 6,Unnamed: 7,Unnamed: 8,Unnamed: 9,Unnamed: 10,Unnamed: 11,Unnamed: 12,Unnamed: 13,Unnamed: 14,Unnamed: 15,Unnamed: 16,Unnamed: 17,Unnamed: 18,Unnamed: 19,Unnamed: 20,Unnamed: 21,Unnamed: 22,Unnamed: 23,Unnamed: 24,Unnamed: 25,Unnamed: 26,Unnamed: 27,Unnamed: 28,Unnamed: 29,Unnamed: 30,Unnamed: 31,Unnamed: 32,Unnamed: 33,Unnamed: 34,Unnamed: 35,Unnamed: 36,Unnamed: 37,Unnamed: 38,Unnamed: 39,Unnamed: 40,Unnamed: 41,Unnamed: 42,Unnamed: 43,Unnamed: 44,Unnamed: 45,Unnamed: 46,Unnamed: 47,Unnamed: 48,Unnamed: 49,Unnamed: 50,Unnamed: 51,Unnamed: 52,Unnamed: 53,Unnamed: 54,Unnamed: 55,Unnamed: 56
0,COUNTRY,ISO3,Physical exposure to earthquake MMI VI,Physical exposure to earthquake MMI VIII,Annual Expected Exposed People to Floods,Annual Expected Exposed People to Tsunamis,Annual Expected Exposed People to Cyclone's Wind SS1,Annual Expected Exposed People to Cyclone's Wind SS3,Annual Expected Exposed People to Cyclone Surge,Total affected by Drought,Frequency of Drought events,Agriculture Drought probability,GCRI Violent Conflict probability,GCRI Highly Violent Conflict probability,National Power Conflict Intensity (Highly Violent),Subnational Conflict Intensity (Highly Violent),Human Development Index,Multidimensional Poverty Index,Humanitarian Aid (FTS),Development Aid (ODA),Development Aid (ODA),Net ODA received (% of GNI),"Mortality rate, under-5",U5 Under weight,Physicians Density,One-year-olds fully immunized against measles,Incidence of Tuberculosis,Estimated number of people living with HIV - Adult (>15) rate,Health expenditure per capita,Maternal Mortality Rate,Malaria death rate,Gender Inequality Index,Income Gini coefficient,People affected by Natural Disasters,People affected by Natural Disasters,People affected by Natural Disasters,Internally displaced persons (IDPs),Refugees by country of asylum,Returned Refugees,Average Dietary Energy Supply Adequacy,Prevalence of Undernourishment,Domestic Food Price Level Index,Domestic Food Price Volatility Index,HFA Scores Last recent,Government Effectiveness,Corruption Perception Index,Access to electricity,Adult liteacy rate,Internet users,Mobile cellular subscriptions,Road lenght,Improved sanitation facilities (% of population with access),Improved water source (% of population with access),GDP per capita PPP int USD (Estimated),Total Population,Total Population (GHS-POP),Land area (sq. km)
1,Reference Year,,2014,2014,2014,2014,2014,2014,2014,2015,2015,2015,2016,2016,2015,2015,2014,2014,2016,2013,2014,2014,2015,2014,2014,2014,2014,2014,2014,2015,2012,2014,2013,2014,2015,2016,2016,2016,2015,2014,2014,2014,2014,2015,2014,2015,2012,2014,2014,2014,2014,2015,2015,2015,2015,2014,2014
2,Afghanistan,AFG,2014,2014,2014,2014,2014,2014,2014,2015,2015,2015,2016,2016,2015,2015,2014,2011,2016,2013,2014,2014,2015,2004,2013,2014,2014,2014,2014,2015,2012,2014,2007,2014,2015,2016,2015,2015,2015,2014,2014,x,x,2015,2014,2015,2012,2011,2014,2014,2014,2015,2015,2015,2015,2014,2014
3,Albania,ALB,2014,2014,2014,2014,2014,2014,2014,2015,2015,2015,2016,2016,2015,2015,2014,2009,2016,2013,2014,2014,2015,2009,2013,2014,2014,2013,2014,2015,x,2014,2012,2014,2015,2016,x,2015,2015,2014,2014,2014,2014,x,2014,2015,2012,2012,2014,2014,2014,2015,2015,2015,2015,2014,2014
4,Algeria,DZA,2014,2014,2014,2014,2014,2014,2014,2015,2015,2015,2016,2016,2015,2015,2014,x,2016,2013,2014,2014,2015,2012,2010,2014,2014,2014,2014,2015,2012,2014,x,2014,2015,2016,2015,2015,2015,2014,2014,2014,2014,2011,2014,2015,2012,2006,2014,2014,2014,2015,2015,2015,2015,2014,2014
5,Angola,AGO,2014,2014,2014,2014,2014,2014,2014,2015,2015,2015,2016,2016,2015,2015,2014,x,2016,2013,2014,2014,2015,2007,2009,2014,2014,2014,2014,2015,2012,x,2008,2014,2015,2016,x,2015,2015,2014,2014,2013,2013,2007,2014,2015,2012,2013,2014,2014,2014,2015,2015,2015,2015,2014,2014
6,Antigua and Barbuda,ATG,2014,2014,2014,2014,2014,2014,2014,2015,2015,2015,2016,2016,2015,2015,2014,x,2016,2013,2014,2014,2015,x,x,2014,2014,x,2014,2015,x,x,x,2014,2015,2016,x,2015,2015,2014,2014,2014,x,2009,2014,x,2012,2013,2014,2014,2014,2011,2015,2015,2015,2014,2014
7,Argentina,ARG,2014,2014,2014,2014,2014,2014,2014,2015,2015,2015,2016,2016,2015,2015,2014,2005,2016,2013,2014,2014,2015,2005,2013,2014,2014,2014,2014,2015,x,2014,2013,2014,2015,2016,x,2015,2015,2014,2014,x,x,2015,2014,2015,2012,2013,2014,2014,2014,2015,2015,x,2015,2014,2014
8,Armenia,ARM,2014,2014,2014,2014,2014,2014,2014,2015,2015,2015,2016,2016,2015,2015,2014,2010,2016,2013,2014,2014,2015,2010,2013,2014,2014,2014,2014,2015,x,2014,2013,2014,2015,2016,2015,2015,2015,2014,2014,2014,2014,2011,2014,2015,2012,2011,2014,2014,2014,2015,2015,2015,2015,2014,2014
9,Australia,AUS,2014,2014,2014,2014,2014,2014,2014,2015,2015,2015,2016,2016,2015,2015,2014,x,2016,2013,2014,x,2015,2007,2011,2014,2014,2013,2014,2015,x,2014,2010,2014,2015,2016,x,2015,2015,2014,2014,2014,x,2015,2014,2015,2012,x,2014,2014,2014,2015,2015,2015,2015,2014,2014
10,Austria,AUT,2014,2014,2014,2014,2014,2014,2014,2015,2015,2015,2016,2016,2015,2015,2014,x,2016,2013,2014,x,2015,x,2011,2014,2014,x,2014,2015,x,2014,2012,2014,2015,2016,x,2015,2015,2014,2014,2014,2014,2015,2014,2015,2012,x,2014,2014,2014,2015,2015,2015,2015,2014,2014
11,Azerbaijan,AZE,2014,2014,2014,2014,2014,2014,2014,2015,2015,2015,2016,2016,2015,2015,2014,2006,2016,2013,2014,2014,2015,2013,2013,2014,2014,2014,2014,2015,2012,2014,2008,2014,2015,2016,2015,2015,2015,2014,2014,x,x,x,2014,2015,2012,2014,2014,2014,2014,2015,2015,2015,2015,2014,2014
12,Bahamas,BHS,2014,2014,2014,2014,2014,2014,2014,2015,2015,2015,2016,2016,2015,2015,2014,x,2016,2013,2014,x,2015,x,2008,2014,2014,2013,2014,2015,x,2014,x,2014,2015,2016,x,2015,2015,2014,2014,2014,2014,x,2014,2015,2012,x,2014,2014,2014,2015,2015,2015,2015,2014,2014
13,Bahrain,BHR,2014,2014,2014,2014,2014,2014,2014,2015,2015,2015,2016,2016,2015,2015,2014,x,2016,2013,2014,x,2015,x,2012,2014,2014,x,2014,2015,x,2014,x,2014,2015,2016,x,2015,2015,2014,2014,2014,2014,2011,2014,2015,2012,2010,2014,2014,2014,2015,2015,2015,2015,2014,2014
14,Bangladesh,BGD,2014,2014,2014,2014,2014,2014,2014,2015,2015,2015,2016,2016,2015,2015,2014,2011,2016,2013,2014,2014,2015,2014,2011,2014,2014,2014,2014,2015,2012,2014,2010,2014,2015,2016,2015,2015,2015,2014,2014,2014,2014,2015,2014,2015,2012,2013,2014,2014,2014,2015,2015,2015,2015,2014,2014
15,Barbados,BRB,2014,2014,2014,2014,2014,2014,2014,2015,2015,2015,2016,2016,2015,2015,2014,2012,2016,2013,2014,x,2015,2013,2010,2014,2014,2013,2014,2015,x,2014,x,2014,2015,2016,x,2015,2015,2014,2014,2014,2014,2011,2014,2015,2012,x,2014,2014,2014,2015,2015,2015,2015,2014,2014
16,Belarus,BLR,2014,2014,2014,2014,2014,2014,2014,2015,2015,2015,2016,2016,2015,2015,2014,2005,2016,2013,2014,2014,2015,2005,2013,2014,2014,2014,2014,2015,x,2014,2012,2014,2015,2016,x,2015,2015,2014,2014,x,x,2015,2014,2015,2012,2009,2014,2014,2014,2015,2015,2015,2015,2014,2014
17,Belgium,BEL,2014,2014,2014,2014,2014,2014,2014,2015,2015,2015,2016,2016,2015,2015,2014,x,2016,2013,2014,x,2015,x,2013,2014,2014,x,2014,2015,x,2014,2012,2014,2015,2016,x,2015,2015,2014,2014,2014,2014,x,2014,2015,2012,x,2014,2014,2014,2015,2015,2015,2015,2014,2014
18,Belize,BLZ,2014,2014,2014,2014,2014,2014,2014,2015,2015,2015,2016,2016,2015,2015,2014,2011,2016,2013,2014,2014,2015,2011,2010,2014,2014,2014,2014,2015,2012,2014,x,2014,2015,2016,x,2015,2015,2014,2014,x,2012,x,2014,x,2012,x,2014,2014,2014,2015,2015,2015,2015,2014,2014
19,Benin,BEN,2014,2014,2014,2014,2014,2014,2014,2015,2015,2015,2016,2016,2015,2015,2014,2012,2016,2013,2014,2014,2015,2014,2010,2014,2014,2014,2014,2015,2012,2014,2011,2014,2015,2016,x,2015,2015,2014,2014,2014,2014,2015,2014,2015,2012,2006,2014,2014,2014,2015,2015,2015,2015,2014,2014
20,Bhutan,BTN,2014,2014,2014,2014,2014,2014,2014,2015,2015,2015,2016,2016,2015,2015,2014,2010,2016,2013,2014,2014,2015,2010,2012,2014,2014,2013,2014,2015,2012,2014,2012,2014,2015,2016,x,x,2015,2014,2014,2014,2014,2015,2014,2015,2012,x,2014,2014,2014,2015,2015,2015,2015,2014,2014
21,Bolivia,BOL,2014,2014,2014,2014,2014,2014,2014,2015,2015,2015,2016,2016,2015,2015,2014,2008,2016,2013,2014,2014,2015,2008,2012,2014,2014,2014,2014,2015,2012,2014,2013,2014,2015,2016,x,2015,2015,2014,2014,2014,2014,2011,2014,2015,2012,2012,2014,2014,2014,2015,2015,2015,2015,2014,2014
22,Bosnia and Herzegovina,BIH,2014,2014,2014,2014,2014,2014,2014,2015,2015,2015,2016,2016,2015,2015,2014,2012,2016,2013,2014,2014,2015,2012,2013,2014,2014,x,2014,2015,x,2014,2007,2014,2015,2016,2015,2015,2015,2014,2014,x,2012,x,2014,2015,2012,2013,2014,2014,2014,2015,2015,2015,2015,2014,2014
23,Botswana,BWA,2014,2014,2014,2014,2014,2014,2014,2015,2015,2015,2016,2016,2015,2015,2014,x,2016,2013,2014,2014,2015,2007,2010,2014,2014,2014,2014,2015,2012,2014,2009,2014,2015,2016,x,2015,2015,2014,2014,2014,2014,2015,2014,2015,2012,2013,2014,2014,2014,2015,2015,2015,2015,2014,2014
24,Brazil,BRA,2014,2014,2014,2014,2014,2014,2014,2015,2015,2015,2016,2016,2015,2015,2014,2013,2016,2013,2014,2014,2015,2007,2013,2014,2014,2013,2014,2015,2012,2014,2013,2014,2015,2016,x,2015,2015,2014,2014,2014,2014,2011,2014,2015,2012,2013,2014,2014,2014,2015,2015,2015,2015,2014,2014
25,Brunei Darussalam,BRN,2014,2014,2014,2014,2014,2014,2014,2015,2015,2015,2016,2016,2015,2015,2014,x,2016,2013,2014,x,2015,2009,2012,2014,2014,x,2014,2015,x,x,x,2014,2015,2016,x,2015,2015,2014,2014,2014,2014,2009,2014,2013,2012,2011,2014,2014,2014,x,x,2015,2015,2014,2014
26,Bulgaria,BGR,2014,2014,2014,2014,2014,2014,2014,2015,2015,2015,2016,2016,2015,2015,2014,x,2016,2013,2014,x,2015,2004,2012,2014,2014,x,2014,2015,x,2014,2012,2014,2015,2016,x,2015,2015,2014,2014,2014,2014,2015,2014,2015,2012,2011,2014,2014,2014,2015,2015,2015,2015,2014,2014
27,Burkina Faso,BFA,2014,2014,2014,2014,2014,2014,2014,2015,2015,2015,2016,2016,2015,2015,2014,2010,2016,2013,2014,2014,2015,2010,2010,2014,2014,2014,2014,2015,2012,2014,2009,2014,2015,2016,x,2016,2015,2014,2014,2014,2014,2015,2014,2015,2012,2007,2014,2014,2014,2015,2015,2015,2015,2014,2014
28,Burundi,BDI,2014,2014,2014,2014,2014,2014,2014,2015,2015,2015,2016,2016,2015,2015,2014,2010,2016,2013,2014,2014,2015,2010,x,2014,2014,2014,2014,2015,2012,2014,2006,2014,2015,2016,2015,2016,2015,2014,2014,2014,2014,2015,2014,2015,2012,2008,2014,2014,2014,2015,2015,2015,2015,2014,2014
29,Cabo Verde,CPV,2014,2014,2014,2014,2014,2014,2014,2015,2015,2015,2016,2016,2015,2015,2014,x,2016,2013,2014,2014,2015,x,2011,2014,2014,2014,2014,2015,2012,x,2007,2014,2015,2016,x,x,2015,2014,2014,2014,2014,2015,2014,2015,2012,2012,2014,2014,2014,2015,2015,2015,2015,2014,2014
30,Cambodia,KHM,2014,2014,2014,2014,2014,2014,2014,2015,2015,2015,2016,2016,2015,2015,2014,2010,2016,2013,2014,2014,2015,2014,2012,2014,2014,2014,2014,2015,2012,2014,2012,2014,2015,2016,x,2015,2015,2014,2014,2014,2014,2007,2014,2015,2012,2009,2014,2014,2014,2015,2015,2015,2015,2014,2014
31,Cameroon,CMR,2014,2014,2014,2014,2014,2014,2014,2015,2015,2015,2016,2016,2015,2015,2014,2011,2016,2013,2014,2014,2015,2011,2009,2014,2014,2014,2014,2015,2012,2014,2007,2014,2015,2016,2016,2016,2015,2014,2014,2014,2014,2015,2014,2015,2012,2010,2014,2014,2014,2015,2015,2015,2015,2014,2014
32,Canada,CAN,2014,2014,2014,2014,2014,2014,2014,2015,2015,2015,2016,2016,2015,2015,2014,x,2016,2013,2014,x,2015,x,2010,2014,2014,x,2014,2015,x,2014,2010,2014,2015,2016,x,2015,2015,2014,2014,2014,2014,2011,2014,2015,2012,x,2014,2014,2014,2015,2015,2015,2015,2014,2014
33,Central African Republic,CAF,2014,2014,2014,2014,2014,2014,2014,2015,2015,2015,2016,2016,2015,2015,2014,2010,2016,2013,2014,2014,2015,2010,2009,2014,2014,2014,2014,2015,2012,2014,2008,2014,2015,2016,2016,2015,2015,2014,2014,x,x,x,2014,2015,2012,2010,2014,2014,2014,2015,2015,2015,2015,2014,2014
34,Chad,TCD,2014,2014,2014,2014,2014,2014,2014,2015,2015,2015,2016,2016,2015,2015,2014,2010,2016,2013,2014,2014,2015,2010,x,2014,2014,2014,2014,2015,2012,2014,2011,2014,2015,2016,2015,2016,2015,2014,2014,x,x,x,2014,2015,2012,2013,2014,2014,2014,2015,2015,2015,2015,2014,2014
35,Chile,CHL,2014,2014,2014,2014,2014,2014,2014,2015,2015,2015,2016,2016,2015,2015,2014,x,2016,2013,2014,2014,2015,2014,2010,2014,2014,2014,2014,2015,x,2014,2013,2014,2015,2016,x,2015,2015,2014,2014,2014,2014,2011,2014,2015,2012,2011,2014,2014,2014,2015,2015,2015,2015,2014,2014
36,China,CHN,2014,2014,2014,2014,2014,2014,2014,2015,2015,2015,2016,2016,2015,2015,2014,2012,2016,2013,2014,2014,2015,2010,2012,2014,2014,2011,2014,2015,2012,2014,2011,2014,2015,2016,x,2015,2015,2014,2014,2014,2014,2011,2014,2015,2012,2010,2014,2014,2014,2015,2015,2015,2015,2014,2014
37,Colombia,COL,2014,2014,2014,2014,2014,2014,2014,2015,2015,2015,2016,2016,2015,2015,2014,2010,2016,2013,2014,2014,2015,2010,2010,2014,2014,2014,2014,2015,2012,2014,2013,2014,2015,2016,2015,2015,2015,2014,2014,2014,2014,2015,2014,2015,2012,2011,2014,2014,2014,2015,2015,2015,2015,2014,2014
38,Comoros,COM,2014,2014,2014,2014,2014,2014,2014,2015,2015,2015,2016,2016,2015,2015,2014,2012,2016,2013,2014,2014,2015,2012,x,2014,2014,x,2014,2015,2012,x,2004,2014,2015,2016,x,2015,2015,2014,2014,x,x,2009,2014,2015,2012,2013,2014,2014,2014,2015,2015,2014,2015,2014,2014
39,Congo,COG,2014,2014,2014,2014,2014,2014,2014,2015,2015,2015,2016,2016,2015,2015,2014,2012,2016,2013,2014,2014,2015,2011,2010,2014,2014,2014,2014,2015,2012,2014,2011,2014,2015,2016,2015,2016,2015,2014,2014,2014,2014,x,2014,2015,2012,2011,2014,2014,2014,2015,2015,2015,2015,2014,2014
40,Congo DR,COD,2014,2014,2014,2014,2014,2014,2014,2015,2015,2015,2016,2016,2015,2015,2014,2014,2016,2013,2014,2014,2015,2013,x,2014,2014,2014,2014,2015,2012,2014,2012,2014,2015,2016,2015,2016,2015,2014,2014,x,x,2015,2014,2015,2012,2012,2014,2014,2014,2015,2015,2015,2015,2014,2014
41,Costa Rica,CRI,2014,2014,2014,2014,2014,2014,2014,2015,2015,2015,2016,2016,2015,2015,2014,x,2016,2013,2014,2014,2015,2008,2013,2014,2014,2014,2014,2015,2012,2014,2013,2014,2015,2016,x,2015,2015,2014,2014,2014,2014,2011,2014,2015,2012,2011,2014,2014,2014,2015,2015,2015,2015,2014,2014
42,CÃ´te d'Ivoire,CIV,2014,2014,2014,2014,2014,2014,2014,2015,2015,2015,2016,2016,2015,2015,2014,2012,2016,2013,2014,2014,2015,2012,2010,2014,2014,2014,2014,2015,2012,2014,2008,2014,2015,2016,2015,2015,2015,2014,2014,2014,2014,2015,2014,2015,2012,2012,2014,2014,2014,2015,2015,2015,2015,2014,2014
43,Croatia,HRV,2014,2014,2014,2014,2014,2014,2014,2015,2015,2015,2016,2016,2015,2015,2014,x,2016,2013,2014,x,2015,x,2012,2014,2014,x,2014,2015,x,2014,2011,2014,2015,2016,x,2015,2015,2014,2014,2014,2014,2015,2014,2015,2012,2011,2014,2014,2014,2015,2015,2015,2015,2014,2014
44,Cuba,CUB,2014,2014,2014,2014,2014,2014,2014,2015,2015,2015,2016,2016,2015,2015,2014,x,2016,2013,2014,x,2015,x,2010,2014,2014,2014,2014,2015,x,2014,x,2014,2015,2016,x,2015,2015,2014,2014,x,x,2011,2014,2015,2012,2012,2014,2014,2014,2015,2015,2013,2015,2014,2014
45,Cyprus,CYP,2014,2014,2014,2014,2014,2014,2014,2015,2015,2015,2016,2016,2015,2015,2014,x,2016,2013,2014,x,2015,x,2012,2014,2014,2013,2014,2015,x,2014,2012,2014,2015,2016,2015,2015,2015,2014,2014,2014,2014,x,2014,2015,2012,2011,2014,2014,2014,2015,2015,2015,2015,2014,2014
46,Czech Republic,CZE,2014,2014,2014,2014,2014,2014,2014,2015,2015,2015,2016,2016,2015,2015,2014,x,2016,2013,2014,x,2015,x,2011,2014,2014,2013,2014,2015,x,2014,2012,2014,2015,2016,x,2015,2015,2014,2014,2014,2014,2015,2014,2015,2012,x,2014,2014,2014,2015,2015,2015,2015,2014,2014
47,Denmark,DNK,2014,2014,2014,2014,2014,2014,2014,2015,2015,2015,2016,2016,2015,2015,2014,x,2016,2013,2014,x,2015,x,2010,2014,2014,2014,2014,2015,x,2014,2012,2014,2015,2016,x,2015,2015,2014,2014,2014,2014,2015,2014,2015,2012,x,2014,2014,2014,2015,2015,2015,2015,2014,2014
48,Djibouti,DJI,2014,2014,2014,2014,2014,2014,2014,2015,2015,2015,2016,2016,2015,2015,2014,2006,2016,2013,2014,x,2015,2012,2010,2014,2014,2014,2014,2015,2012,x,2012,2014,2015,2016,x,2016,2015,2014,2014,x,x,2011,2014,2015,2012,x,2014,2014,2014,2015,2015,2013,2015,2014,2014
49,Dominica,DMA,2014,2014,2014,2014,2014,2014,2014,2015,2015,2015,2016,2016,2015,2015,2014,x,2016,2013,2014,2014,2015,x,2011,2014,2014,x,2014,2015,x,x,x,2014,2015,2016,x,2015,2015,2014,2014,x,x,x,2014,2015,2012,x,2014,2014,2014,2007,2007,2015,2015,2014,2014
50,Dominican Republic,DOM,2014,2014,2014,2014,2014,2014,2014,2015,2015,2015,2016,2016,2015,2015,2014,2013,2016,2013,2014,2014,2015,2013,2012,2014,2014,2014,2014,2015,2012,2014,2013,2014,2015,2016,x,2015,2015,2014,2014,2014,2014,2015,2014,2015,2012,2013,2014,2014,2014,2015,2015,2015,2015,2014,2014
51,Ecuador,ECU,2014,2014,2014,2014,2014,2014,2014,2015,2015,2015,2016,2016,2015,2015,2014,2014,2016,2013,2014,2014,2015,2012,2011,2014,2014,2014,2014,2015,2012,2014,2013,2014,2015,2016,x,2015,2015,2014,2014,2014,2014,2015,2014,2015,2012,2013,2014,2014,2014,2015,2015,2015,2015,2014,2014
52,Egypt,EGY,2014,2014,2014,2014,2014,2014,2014,2015,2015,2015,2016,2016,2015,2015,2014,2014,2016,2013,2014,2014,2015,2014,2010,2014,2014,2014,2014,2015,x,2014,2008,2014,2015,2016,2015,2016,2015,2014,2014,2014,2014,2015,2014,2015,2012,2013,2014,2014,2014,2015,2015,2015,2015,2014,2014
53,El Salvador,SLV,2014,2014,2014,2014,2014,2014,2014,2015,2015,2015,2016,2016,2015,2015,2014,x,2016,2013,2014,2014,2015,2008,2010,2014,2014,2014,2014,2015,2012,2014,2013,2014,2015,2016,2015,2015,2015,2014,2014,2014,2014,2009,2014,2015,2012,2013,2014,2014,2014,2015,2015,2015,2015,2014,2014
54,Equatorial Guinea,GNQ,2014,2014,2014,2014,2014,2014,2014,2015,2015,2015,2016,2016,2015,2015,2014,x,2016,2013,2014,2014,2015,2010,x,2014,2014,2014,2014,2015,2012,x,x,2014,2015,2016,x,2015,2015,2014,2014,x,x,x,2014,2013,2012,2013,2014,2014,2014,2015,2015,2015,2015,2014,2014
55,Eritrea,ERI,2014,2014,2014,2014,2014,2014,2014,2015,2015,2015,2016,2016,2015,2015,2014,x,2016,2013,2014,x,2015,2010,x,2014,2014,2014,2014,2015,2012,x,x,2014,2015,2016,x,2015,2015,2014,2014,x,x,x,2014,2015,2012,2013,2014,2014,2014,2015,2015,2011,2011,2014,2014
56,Estonia,EST,2014,2014,2014,2014,2014,2014,2014,2015,2015,2015,2016,2016,2015,2015,2014,x,2016,2013,2014,x,2015,x,2012,2014,2014,2013,2014,2015,x,2014,2012,2014,2015,2016,x,2015,2015,2014,2014,2014,2014,x,2014,2015,2012,2011,2014,2014,2014,2015,2015,2015,2015,2014,2014
57,Ethiopia,ETH,2014,2014,2014,2014,2014,2014,2014,2015,2015,2015,2016,2016,2015,2015,2014,2011,2016,2013,2014,2014,2015,2014,2010,2014,2014,2014,2014,2015,2012,2014,2010,2014,2015,2016,2015,2016,2015,2014,2014,2014,2014,2015,2014,2015,2012,2007,2014,2014,2014,2015,2015,2015,2015,2014,2014
58,Fiji,FJI,2014,2014,2014,2014,2014,2014,2014,2015,2015,2015,2016,2016,2015,2015,2014,x,2016,2013,2014,2014,2015,2004,2010,2014,2014,2014,2014,2015,x,2014,2008,2014,2015,2016,x,2015,2015,2014,2014,2014,2014,2015,2014,x,2012,x,2014,2014,2014,2015,2015,2015,2015,2014,2014
59,Finland,FIN,2014,2014,2014,2014,2014,2014,2014,2015,2015,2015,2016,2016,2015,2015,2014,x,2016,2013,2014,x,2015,x,2010,2014,2014,x,2014,2015,x,2014,2012,2014,2015,2016,x,2015,2015,2014,2014,2014,2014,2015,2014,2015,2012,x,2014,2014,2014,2015,2015,2015,2015,2014,2014
60,France,FRA,2014,2014,2014,2014,2014,2014,2014,2015,2015,2015,2016,2016,2015,2015,2014,x,2016,2013,2014,x,2015,x,2013,2014,2014,x,2014,2015,x,2014,2012,2014,2015,2016,x,2015,2015,2014,2014,2014,2014,2015,2014,2015,2012,x,2014,2014,2014,2015,2015,2015,2015,2014,2014
61,Gabon,GAB,2014,2014,2014,2014,2014,2014,2014,2015,2015,2015,2016,2016,2015,2015,2014,2012,2016,2013,2014,2014,2015,2012,x,2014,2014,2014,2014,2015,2012,2014,2005,2014,2015,2016,x,2015,2015,2014,2014,2014,2014,2015,2014,2015,2012,2012,2014,2014,2014,2015,2015,2015,2015,2014,2014
62,Gambia,GMB,2014,2014,2014,2014,2014,2014,2014,2015,2015,2015,2016,2016,2015,2015,2014,2013,2016,2013,2014,2014,2015,2013,2010,2014,2014,2014,2014,2015,2012,2014,2003,2014,2015,2016,x,2015,2015,2014,2014,2014,2014,2015,2014,2015,2012,2013,2014,2014,2014,2015,2015,2014,2015,2014,2014
63,Georgia,GEO,2014,2014,2014,2014,2014,2014,2014,2015,2015,2015,2016,2016,2015,2015,2014,2005,2016,2013,2014,2014,2015,2009,2013,2014,2014,2014,2014,2015,2012,2014,2013,2014,2015,2016,2015,2015,2015,2014,2014,x,x,2015,2014,2015,2012,2013,2014,2014,2014,2015,2015,2015,2015,2014,2014
64,Germany,DEU,2014,2014,2014,2014,2014,2014,2014,2015,2015,2015,2016,2016,2015,2015,2014,x,2016,2013,2014,x,2015,2005,2012,2014,2014,x,2014,2015,x,2014,2011,2014,2015,2016,x,2015,2015,2014,2014,2014,2014,2015,2014,2015,2012,x,2014,2014,2014,2015,2015,2015,2015,2014,2014
65,Ghana,GHA,2014,2014,2014,2014,2014,2014,2014,2015,2015,2015,2016,2016,2015,2015,2014,2011,2016,2013,2014,2014,2015,2014,2010,2014,2014,2014,2014,2015,2012,2014,2005,2014,2015,2016,x,2015,2015,2014,2014,2014,2014,2015,2014,2015,2012,2010,2014,2014,2014,2015,2015,2015,2015,2014,2014
66,Greece,GRC,2014,2014,2014,2014,2014,2014,2014,2015,2015,2015,2016,2016,2015,2015,2014,x,2016,2013,2014,x,2015,x,2010,2014,2014,x,2014,2015,x,2014,2012,2014,2015,2016,x,2015,2015,2014,2014,2014,2014,2015,2014,2015,2012,2013,2014,2014,2014,2015,2015,2015,2015,2014,2014
67,Grenada,GRD,2014,2014,2014,2014,2014,2014,2014,2015,2015,2015,2016,2016,2015,2015,2014,x,2016,2013,2014,2014,2015,x,x,2014,2014,x,2014,2015,x,x,x,2014,2015,2016,x,2015,2015,2014,2014,2014,x,2011,2014,x,2012,x,2014,2014,2014,2015,2015,2015,2015,2014,2014
68,Guatemala,GTM,2014,2014,2014,2014,2014,2014,2014,2015,2015,2015,2016,2016,2015,2015,2014,x,2016,2013,2014,2014,2015,2009,2009,2014,2014,2014,2014,2015,2012,2014,2011,2014,2015,2016,2015,2015,2015,2014,2014,2014,2014,2015,2014,2015,2012,2013,2014,2014,2014,2015,2015,2015,2015,2014,2014
69,Guinea,GIN,2014,2014,2014,2014,2014,2014,2014,2015,2015,2015,2016,2016,2015,2015,2014,2012,2016,2013,2014,2014,2015,2012,2010,2014,2014,2014,2014,2015,2012,x,2012,2014,2015,2016,x,2015,2015,2014,2014,2013,2013,2015,2014,2015,2012,2010,2014,2014,2014,2015,2015,2015,2015,2014,2014
70,Guinea-Bissau,GNB,2014,2014,2014,2014,2014,2014,2014,2015,2015,2015,2016,2016,2015,2015,2014,2006,2016,2013,2014,2014,2015,2014,2010,2014,2014,2014,2014,2015,2012,x,2010,2014,2015,2016,x,2015,2015,2014,2014,x,x,2015,2014,2015,2012,2013,2014,2014,2014,2015,2015,2015,2015,2014,2014
71,Guyana,GUY,2014,2014,2014,2014,2014,2014,2014,2015,2015,2015,2016,2016,2015,2015,2014,2009,2016,2013,2014,2014,2015,2014,2010,2014,2014,2014,2014,2015,2012,2014,x,2014,2015,2016,x,2015,2015,2014,2014,x,x,x,2014,2015,2012,2009,2014,2014,2014,2015,2015,2015,2015,2014,2014
72,Haiti,HTI,2014,2014,2014,2014,2014,2014,2014,2015,2015,2015,2016,2016,2015,2015,2014,2012,2016,2013,2014,2014,2015,2012,2014,2014,2014,2014,2014,2015,2012,2014,2012,2014,2015,2016,2016,2015,2015,2014,2014,2014,2014,2011,2014,2015,2012,2006,2014,2014,2014,2015,2015,2015,2015,2014,2014
73,Honduras,HND,2014,2014,2014,2014,2014,2014,2014,2015,2015,2015,2016,2016,2015,2015,2014,2012,2016,2013,2014,2014,2015,2012,x,2014,2014,2014,2014,2015,2012,2014,2013,2014,2015,2016,2015,2015,2015,2014,2014,2014,2014,2011,2014,2015,2012,2014,2014,2014,2014,2015,2015,2015,2015,2014,2014
74,Hungary,HUN,2014,2014,2014,2014,2014,2014,2014,2015,2015,2015,2016,2016,2015,2015,2014,x,2016,2013,2014,x,2015,x,2012,2014,2014,x,2014,2015,x,2014,2012,2014,2015,2016,x,2015,2015,2014,2014,2014,2014,2015,2014,2015,2012,2013,2014,2014,2014,2015,2015,2015,2015,2014,2014
75,Iceland,ISL,2014,2014,2014,2014,2014,2014,2014,2015,2015,2015,2016,2016,2015,2015,2014,x,2016,2013,2014,x,2015,x,2012,2014,2014,x,2014,2015,x,2014,2012,2014,2015,2016,x,2015,2015,2014,2014,2014,2014,x,2014,2015,2012,x,2014,2014,2014,2015,2015,2015,2015,2014,2014
76,India,IND,2014,2014,2014,2014,2014,2014,2014,2015,2015,2015,2016,2016,2015,2015,2014,2006,2016,2013,2014,2014,2015,2006,2012,2014,2014,2013,2014,2015,2012,2014,2011,2014,2015,2016,2015,2015,2015,2014,2014,2014,2014,2015,2014,2015,2012,2011,2014,2014,2014,2015,2015,2015,2015,2014,2014
77,Indonesia,IDN,2014,2014,2014,2014,2014,2014,2014,2015,2015,2015,2016,2016,2015,2015,2014,2012,2016,2013,2014,2014,2015,2013,2012,2014,2014,2014,2014,2015,2012,2014,2011,2014,2015,2016,2015,2015,2015,2014,2014,2014,2014,2015,2014,2015,2012,2011,2014,2014,2014,2015,2015,2015,2015,2014,2014
78,Iran,IRN,2014,2014,2014,2014,2014,2014,2014,2015,2015,2015,2016,2016,2015,2015,2014,x,2016,2013,2014,2014,2015,2004,2010,2014,2014,2014,2014,2015,2012,2014,2013,2014,2015,2016,x,2015,2015,2014,2014,2014,2014,2011,2014,2015,2012,2012,2014,2014,2014,2015,2015,2014,2015,2014,2014
79,Iraq,IRQ,2014,2014,2014,2014,2014,2014,2014,2015,2015,2015,2016,2016,2015,2015,2014,2011,2016,2013,2014,2014,2015,2011,2010,2014,2014,x,2014,2015,x,2014,2012,2014,2015,2016,2016,2016,2015,2014,2014,2014,2014,2015,2014,2015,2012,2013,2014,2014,2014,2015,2015,2015,2015,2014,2014
80,Ireland,IRL,2014,2014,2014,2014,2014,2014,2014,2015,2015,2015,2016,2016,2015,2015,2014,x,2016,2013,2014,x,2015,x,2013,2014,2014,2014,2014,2015,x,2014,2012,2014,2015,2016,x,2015,2015,2014,2014,2014,2014,x,2014,2015,2012,x,2014,2014,2014,2015,2015,2015,2015,2014,2014
81,Israel,ISR,2014,2014,2014,2014,2014,2014,2014,2015,2015,2015,2016,2016,2015,2015,2014,x,2016,2013,2014,x,2015,x,2012,2014,2014,x,2014,2015,x,2014,2010,2014,2015,2016,x,2015,2015,2014,2014,2014,2014,x,2014,2015,2012,x,2014,2014,2014,2015,2015,2015,2015,2014,2014
82,Italy,ITA,2014,2014,2014,2014,2014,2014,2014,2015,2015,2015,2016,2016,2015,2015,2014,x,2016,2013,2014,x,2015,x,2012,2014,2014,2013,2014,2015,x,2014,2012,2014,2015,2016,x,2015,2015,2014,2014,2014,2014,2015,2014,2015,2012,2013,2014,2014,2014,2015,2015,2015,2015,2014,2014
83,Jamaica,JAM,2014,2014,2014,2014,2014,2014,2014,2015,2015,2015,2016,2016,2015,2015,2014,2010,2016,2013,2014,2014,2015,2012,2008,2014,2014,2014,2014,2015,x,2014,2004,2014,2015,2016,x,2015,2015,2014,2014,2014,2014,2011,2014,2015,2012,2013,2014,2014,2014,2015,2015,2015,2015,2014,2014
84,Japan,JPN,2014,2014,2014,2014,2014,2014,2014,2015,2015,2015,2016,2016,2015,2015,2014,x,2016,2013,2014,x,2015,2010,2010,2014,2014,2011,2014,2015,x,2014,2008,2014,2015,2016,x,2015,2015,2014,2014,2014,2014,2011,2014,2015,2012,x,2014,2014,2014,2015,2015,2015,2015,2014,2014
85,Jordan,JOR,2014,2014,2014,2014,2014,2014,2014,2015,2015,2015,2016,2016,2015,2015,2014,2012,2016,2013,2014,2014,2015,2012,2010,2014,2014,x,2014,2015,x,2014,2010,2014,2015,2016,x,2016,2015,2014,2014,2014,2014,2011,2014,2015,2012,2012,2014,2014,2014,2015,2015,2015,2015,2014,2014
86,Kazakhstan,KAZ,2014,2014,2014,2014,2014,2014,2014,2015,2015,2015,2016,2016,2015,2015,2014,2011,2016,2013,2014,2014,2015,2010,2013,2014,2014,2014,2014,2015,x,2014,2013,2014,2015,2016,x,2015,2015,2014,2014,x,x,2011,2014,2015,2012,2009,2014,2014,2014,2015,2015,2015,2015,2014,2014
87,Kenya,KEN,2014,2014,2014,2014,2014,2014,2014,2015,2015,2015,2016,2016,2015,2015,2014,2009,2016,2013,2014,2014,2015,2014,2013,2014,2014,2014,2014,2015,2012,2014,2005,2014,2015,2016,2015,2016,2015,2014,2014,2013,2014,2015,2014,2015,2012,2007,2014,2014,2014,2015,2015,2015,2015,2014,2014
88,Kiribati,KIR,2014,2014,2014,2014,2014,2014,2014,2015,2015,2015,2016,2016,2015,2015,2014,x,2016,2013,2014,2014,2015,2009,2010,2014,2014,x,2014,2015,x,x,2006,2014,2015,2016,x,x,2015,2014,2014,x,x,x,2014,x,2012,x,2014,2014,2014,2015,2015,2015,2015,2014,2014
89,Korea DPR,PRK,2014,2014,2014,2014,2014,2014,2014,2015,2015,2015,2016,2016,2015,2015,x,x,2016,2013,2014,x,2015,2012,x,2014,2014,x,x,2015,2012,x,x,2014,2015,2016,x,x,2015,2014,2014,x,x,x,2014,2015,2012,2008,2014,2014,2014,2015,2015,2014,2015,2014,2014
90,Korea Republic of,KOR,2014,2014,2014,2014,2014,2014,2014,2015,2015,2015,2016,2016,2015,2015,2014,x,2016,2013,2014,x,2015,2010,2012,2014,2014,x,2014,2015,2012,2014,x,2014,2015,2016,x,2015,2015,2014,2014,2014,2014,2011,2014,2015,2012,x,2014,2014,2014,2015,2012,2015,2015,2014,2014
91,Kuwait,KWT,2014,2014,2014,2014,2014,2014,2014,2015,2015,2015,2016,2016,2015,2015,2014,x,2016,2013,2014,x,2015,2014,2012,2014,2014,x,2014,2015,x,2014,x,2014,2015,2016,x,2015,2015,2014,2014,2014,2014,x,2014,2015,2012,2013,2014,2014,2014,2015,2015,2015,2015,2014,2014
92,Kyrgyzstan,KGZ,2014,2014,2014,2014,2014,2014,2014,2015,2015,2015,2016,2016,2015,2015,2014,2012,2016,2013,2014,2014,2015,2014,2013,2014,2014,2014,2014,2015,2012,2014,2012,2014,2015,2016,x,2015,2015,2014,2014,x,x,2015,2014,2015,2012,2009,2014,2014,2014,2015,2015,2015,2015,2014,2014
93,Lao PDR,LAO,2014,2014,2014,2014,2014,2014,2014,2015,2015,2015,2016,2016,2015,2015,2014,2012,2016,2013,2014,2014,2015,2011,2012,2014,2014,2014,2014,2015,2012,2013,2012,2014,2015,2016,2015,2015,2015,2014,2014,2012,2013,2015,2014,2015,2012,x,2014,2014,2014,2015,2015,2015,2015,2014,2014
94,Latvia,LVA,2014,2014,2014,2014,2014,2014,2014,2015,2015,2015,2016,2016,2015,2015,2014,x,2016,2013,2014,x,2015,x,2012,2014,2014,x,2014,2015,x,2014,2012,2014,2015,2016,x,2015,2015,2014,2014,2014,2014,x,2014,2015,2012,2011,2014,2014,2014,2015,2015,2015,2015,2014,2014
95,Lebanon,LBN,2014,2014,2014,2014,2014,2014,2014,2015,2015,2015,2016,2016,2015,2015,2014,x,2016,2013,2014,2014,2015,2004,2011,2014,2014,2014,2014,2015,x,2014,x,2014,2015,2016,2015,2016,2015,2014,2014,x,x,2015,2014,2015,2012,2007,2014,2014,2014,2015,2015,2015,2015,2014,2014
96,Lesotho,LSO,2014,2014,2014,2014,2014,2014,2014,2015,2015,2015,2016,2016,2015,2015,2014,2009,2016,2013,2014,2014,2015,2014,x,2014,2014,2014,2014,2015,x,2014,2010,2014,2015,2016,x,2015,2015,2014,2014,2014,2014,2015,2014,2015,2012,2009,2014,2014,2014,2015,2015,2014,2015,2014,2014
97,Liberia,LBR,2014,2014,2014,2014,2014,2014,2014,2015,2015,2015,2016,2016,2015,2015,2014,2013,2016,2013,2014,2014,2015,2013,2010,2014,2014,2014,2014,2015,2012,2014,2007,2014,2015,2016,x,2016,2015,2014,2014,x,x,x,2014,2015,2012,2007,2014,2014,2014,2015,2015,2015,2015,2014,2014
98,Libya,LBY,2014,2014,2014,2014,2014,2014,2014,2015,2015,2015,2016,2016,2015,2015,2014,2007,2016,2013,2014,2014,2015,2007,2010,2014,2014,x,2014,2015,x,2014,x,2014,2015,2016,2016,2015,2015,2014,2014,x,x,x,2014,2015,2012,2013,2014,2014,2014,2015,x,2015,2015,2014,2014
99,Liechtenstein,LIE,2014,2014,2014,2014,2014,2014,2014,2015,2015,2015,2016,2016,2015,2015,2014,x,2016,2013,2014,x,x,x,x,x,x,x,x,2015,x,x,x,2014,2015,2016,x,2015,2015,2014,2014,x,x,x,2014,x,2012,x,2014,2014,2014,x,x,No data,2015,2014,2014
100,Lithuania,LTU,2014,2014,2014,2014,2014,2014,2014,2015,2015,2015,2016,2016,2015,2015,2014,x,2016,2013,2014,x,2015,x,2012,2014,2014,x,2014,2015,x,2014,2012,2014,2015,2016,x,2015,2015,2014,2014,2014,2014,x,2014,2015,2012,2011,2014,2014,2014,2015,2015,2015,2015,2014,2014
101,Luxembourg,LUX,2014,2014,2014,2014,2014,2014,2014,2015,2015,2015,2016,2016,2015,2015,2014,x,2016,2013,2014,x,2015,x,2013,2014,2014,x,2014,2015,x,2014,2012,2014,2015,2016,x,2015,2015,2014,2014,2014,2014,x,2014,2015,2012,x,2014,2014,2014,2015,2015,2015,2015,2014,2014
102,Madagascar,MDG,2014,2014,2014,2014,2014,2014,2014,2015,2015,2015,2016,2016,2015,2015,2014,2009,2016,2013,2014,2014,2015,2004,2010,2014,2014,2014,2014,2015,2012,x,2010,2014,2015,2016,x,2015,2015,2014,2014,2014,2014,2015,2014,2015,2012,2009,2014,2014,2014,2015,2015,2015,2015,2014,2014
103,Malawi,MWI,2014,2014,2014,2014,2014,2014,2014,2015,2015,2015,2016,2016,2015,2015,2014,2010,2016,2013,2014,2014,2015,2014,2010,2014,2014,2014,2014,2015,2012,2014,2010,2014,2015,2016,x,2015,2015,2014,2014,2013,2013,2015,2014,2015,2012,2010,2014,2014,2014,2015,2015,2015,2015,2014,2014
104,Malaysia,MYS,2014,2014,2014,2014,2014,2014,2014,2015,2015,2015,2016,2016,2015,2015,2014,x,2016,2013,2014,x,2015,2006,2010,2014,2014,2014,2014,2015,2012,2014,2009,2014,2015,2016,x,2015,2015,2014,2014,2014,2014,2011,2014,2015,2012,2010,2014,2014,2014,2015,2015,2015,2015,2014,2014
105,Maldives,MDV,2014,2014,2014,2014,2014,2014,2014,2015,2015,2015,2016,2016,2015,2015,2014,2009,2016,2013,2014,2014,2015,2009,2010,2014,2014,2013,2014,2015,x,2014,2009,2014,2015,2016,x,x,2015,2014,2014,2013,2013,2011,2014,x,2012,2006,2014,2014,2014,2015,2015,2015,2015,2014,2014
106,Mali,MLI,2014,2014,2014,2014,2014,2014,2014,2015,2015,2015,2016,2016,2015,2015,2014,2013,2016,2013,2014,2014,2015,2006,2010,2014,2014,2014,2014,2015,2012,2014,2010,2014,2015,2016,2016,2015,2015,2014,2014,2014,2014,2015,2014,2015,2012,2011,2014,2014,2014,2015,2015,2015,2015,2014,2014
107,Malta,MLT,2014,2014,2014,2014,2014,2014,2014,2015,2015,2015,2016,2016,2015,2015,2014,x,2016,2013,2014,x,2015,x,2013,2014,2014,x,2014,2015,x,2014,x,2014,2015,2016,x,2015,2015,2014,2014,2014,2014,x,2014,2015,2012,2011,2014,2014,2014,2015,2015,2013,2015,2014,2014
108,Marshall Islands,MHL,2014,2014,2014,2014,2014,2014,2014,2015,2015,2015,2016,2016,2015,2015,x,x,2016,2013,2014,2014,2015,2007,2010,2014,2014,x,2014,2015,x,x,x,2014,2015,2016,x,x,2015,2014,2014,x,x,2011,2014,x,2012,x,2014,2014,2014,2015,2015,2014,2015,2014,2014
109,Mauritania,MRT,2014,2014,2014,2014,2014,2014,2014,2015,2015,2015,2016,2016,2015,2015,2014,2011,2016,2013,2014,2014,2015,2012,2010,2014,2014,2014,2014,2015,2012,2014,2008,2014,2015,2016,x,2016,2015,2014,2014,2014,2014,2011,2014,2015,2012,2007,2014,2014,2014,2015,2015,2014,2015,2014,2014
110,Mauritius,MUS,2014,2014,2014,2014,2014,2014,2014,2015,2015,2015,2016,2016,2015,2015,2014,x,2016,2013,2014,2014,2015,x,x,2014,2014,2014,2014,2015,x,2014,2012,2014,2015,2016,x,2015,2015,2014,2014,2014,2014,2015,2014,2015,2012,2011,2014,2014,2014,2015,2015,2015,2015,2014,2014
111,Mexico,MEX,2014,2014,2014,2014,2014,2014,2014,2015,2015,2015,2016,2016,2015,2015,2014,2012,2016,2013,2014,2014,2015,2012,2011,2014,2014,2014,2014,2015,2012,2014,2012,2014,2015,2016,2015,2015,2015,2014,2014,2014,2014,2015,2014,2015,2012,2013,2014,2014,2014,2015,2015,2015,2015,2014,2014
112,Micronesia,FSM,2014,2014,2014,2014,2014,2014,2014,2015,2015,2015,2016,2016,2015,2015,2014,x,2016,2013,2014,2014,2015,2005,2010,2014,2014,x,2014,2015,x,x,x,2014,2015,2016,x,2015,2015,2014,2014,x,x,2011,2014,x,2012,x,2014,2014,2014,2015,2015,2014,2015,2014,2014
113,Moldova Republic of,MDA,2014,2014,2014,2014,2014,2014,2014,2015,2015,2015,2016,2016,2015,2015,2014,2012,2016,2013,2014,2014,2015,2012,2013,2014,2014,2014,2014,2015,x,2014,2013,2014,2015,2016,x,2015,2015,2014,2014,2013,2013,2009,2014,2015,2012,2013,2014,2014,2014,2015,2015,2015,2015,2014,2014
114,Mongolia,MNG,2014,2014,2014,2014,2014,2014,2014,2015,2015,2015,2016,2016,2015,2015,2014,2010,2016,2013,2014,2014,2015,2013,2011,2014,2014,2013,2014,2015,x,2014,2012,2014,2015,2016,x,2015,2015,2014,2014,x,2012,2015,2014,2015,2012,2010,2014,2014,2014,2015,2015,2015,2015,2014,2014
115,Montenegro,MNE,2014,2014,2014,2014,2014,2014,2014,2015,2015,2015,2016,2016,2015,2015,2014,2013,2016,2013,2014,2014,2015,2013,2013,2014,2014,x,2014,2015,x,2014,2013,2014,2015,2016,x,2015,2015,2014,2014,x,x,2007,2014,2015,2012,2011,2014,2014,2014,2015,2015,2015,2015,2014,2014
116,Morocco,MAR,2014,2014,2014,2014,2014,2014,2014,2015,2015,2015,2016,2016,2015,2015,2014,2011,2016,2013,2014,2014,2015,2011,2010,2014,2014,2014,2014,2015,x,2014,2007,2014,2015,2016,x,2015,2015,2014,2014,2014,2014,2011,2014,2015,2012,2011,2014,2014,2014,2015,2015,2015,2015,2014,2014
117,Mozambique,MOZ,2014,2014,2014,2014,2014,2014,2014,2015,2015,2015,2016,2016,2015,2015,2014,2011,2016,2013,2014,2014,2015,2011,2012,2014,2014,2014,2014,2015,2012,2014,2009,2014,2015,2016,x,2015,2015,2014,2014,2012,2012,2015,2014,2015,2012,2009,2014,2014,2014,2015,2015,2015,2015,2014,2014
118,Myanmar,MMR,2014,2014,2014,2014,2014,2014,2014,2015,2015,2015,2016,2016,2015,2015,2014,x,2016,2013,2014,2014,2015,2009,2012,2014,2014,2014,2014,2015,2012,2014,x,2014,2015,2016,2015,2015,2015,2014,2014,2013,2013,2009,2014,2015,2012,2013,2014,2014,2014,2015,2015,2015,2015,2014,2014
119,Namibia,NAM,2014,2014,2014,2014,2014,2014,2014,2015,2015,2015,2016,2016,2015,2015,2014,2013,2016,2013,2014,2014,2015,2013,2010,2014,2014,2014,2014,2015,2012,2014,2009,2014,2015,2016,x,2015,2015,2014,2014,2013,2013,2009,2014,2015,2012,2007,2014,2014,2014,2015,2015,2015,2015,2014,2014
120,Nauru,NRU,2014,2014,2014,2014,2014,2014,2014,2015,2015,2015,2016,2016,2015,2015,x,x,2016,2013,2014,x,2015,2007,2010,2014,2014,x,2014,2015,x,x,x,2014,2015,2016,x,2015,2015,2014,2014,x,x,2011,2013,x,x,x,2011,2011,2014,2015,2015,2015,2015,2014,2014
121,Nepal,NPL,2014,2014,2014,2014,2014,2014,2014,2015,2015,2015,2016,2016,2015,2015,2014,2011,2016,2013,2014,2014,2015,2011,x,2014,2014,2014,2014,2015,2012,2014,2010,2014,2015,2016,2015,2015,2015,2014,2014,2014,2014,2015,2014,2015,2012,2011,2014,2014,2014,2015,2015,2015,2015,2014,2014
122,Netherlands,NLD,2014,2014,2014,2014,2014,2014,2014,2015,2015,2015,2016,2016,2015,2015,2014,x,2016,2013,2014,x,2015,x,2010,2014,2014,x,2014,2015,x,2014,2012,2014,2015,2016,x,2015,2015,2014,2014,2014,2014,2015,2014,2015,2012,x,2014,2014,2014,2015,2015,2015,2015,2014,2014
123,New Zealand,NZL,2014,2014,2014,2014,2014,2014,2014,2015,2015,2015,2016,2016,2015,2015,2014,x,2016,2013,2014,x,2015,x,2010,2014,2014,x,2014,2015,x,2014,x,2014,2015,2016,x,2015,2015,2014,2014,2012,x,2015,2014,2015,2012,x,2014,2014,2014,x,2015,2015,2015,2014,2014
124,Nicaragua,NIC,2014,2014,2014,2014,2014,2014,2014,2015,2015,2015,2016,2016,2015,2015,2014,2012,2016,2013,2014,2014,2015,2006,2014,2014,2014,2014,2014,2015,2012,2014,2009,2014,2015,2016,x,2015,2015,2014,2014,2014,2014,2009,2014,2015,2012,x,2014,2014,2014,2015,2015,2015,2015,2014,2014
125,Niger,NER,2014,2014,2014,2014,2014,2014,2014,2015,2015,2015,2016,2016,2015,2015,2014,2012,2016,2013,2014,2014,2015,2012,2010,2014,2014,2014,2014,2015,2012,2014,2011,2014,2015,2016,2015,2016,2015,2014,2014,2014,2014,2015,2014,2015,2012,2012,2014,2014,2014,2015,2015,2015,2015,2014,2014
126,Nigeria,NGA,2014,2014,2014,2014,2014,2014,2014,2015,2015,2015,2016,2016,2015,2015,2014,2013,2016,2013,2014,2014,2015,2014,2010,2014,2014,2014,2014,2015,2012,x,2010,2014,2015,2016,2016,2015,2015,2014,2014,2013,2013,2015,2014,2015,2012,2008,2014,2014,2014,2015,2015,2015,2015,2014,2014
127,Norway,NOR,2014,2014,2014,2014,2014,2014,2014,2015,2015,2015,2016,2016,2015,2015,2014,x,2016,2013,2014,x,2015,x,2012,2014,2014,2014,2014,2015,x,2014,2012,2014,2015,2016,x,2015,2015,2014,2014,2014,2014,2015,2014,2015,2012,x,2014,2014,2014,2015,2015,2015,2015,2014,2014
128,Oman,OMN,2014,2014,2014,2014,2014,2014,2014,2015,2015,2015,2016,2016,2015,2015,2014,x,2016,2013,2014,x,2015,2009,2012,2014,2014,2014,2014,2015,x,2014,x,2014,2015,2016,x,2015,2015,2014,2014,2014,2014,x,2014,2015,2012,2014,2014,2014,2014,2015,2015,2015,2015,2014,2014
129,Pakistan,PAK,2014,2014,2014,2014,2014,2014,2014,2015,2015,2015,2016,2016,2015,2015,2014,2013,2016,2013,2014,2014,2015,2012,2010,2014,2014,2014,2014,2015,2012,2014,2010,2014,2015,2016,2015,2015,2015,2014,2014,2014,2014,2015,2014,2015,2012,2012,2014,2014,2014,2015,2015,2015,2015,2014,2014
130,Palau,PLW,2014,2014,2014,2014,2014,2014,2014,2015,2015,2015,2016,2016,2015,2015,2014,x,2016,2013,2014,2014,2015,2010,2010,2014,2014,2010,2014,2015,x,x,x,2014,2015,2016,x,2015,2015,2014,2014,x,x,2011,2014,x,2012,2013,x,2014,2014,2015,2011,2015,2015,2014,2014
131,Palestine,PSE,2014,2014,2014,2014,2014,2014,2014,2015,2015,2013,2016,2016,2015,2015,2014,2010,2016,2013,2014,2014,2015,2014,2012,2012,2014,x,x,2015,x,x,2009,2014,2015,2016,2015,2015,2015,2014,2014,x,x,2015,2014,x,2012,2014,2014,2014,2014,2015,2015,2015,2015,2014,2014
132,Panama,PAN,2014,2014,2014,2014,2014,2014,2014,2015,2015,2015,2016,2016,2015,2015,2014,x,2016,2013,2014,2014,2015,2008,2013,2014,2014,2014,2014,2015,2012,2014,2013,2014,2015,2016,x,2015,2015,2014,2014,2014,2014,2011,2014,2015,2012,2010,2014,2014,2014,2015,2015,2015,2015,2014,2014
133,Papua New Guinea,PNG,2014,2014,2014,2014,2014,2014,2014,2015,2015,2015,2016,2016,2015,2015,2014,x,2016,2013,2014,2014,2015,2011,2010,2014,2014,2014,2014,2015,2012,2014,2009,2014,2015,2016,2015,2015,2015,2014,2014,x,x,2011,2014,2015,2012,2013,2014,2014,2014,2015,2015,2014,2015,2014,2014
134,Paraguay,PRY,2014,2014,2014,2014,2014,2014,2014,2015,2015,2015,2016,2016,2015,2015,2014,x,2016,2013,2014,2014,2015,2012,2012,2014,2014,2014,2014,2015,2012,2014,2013,2014,2015,2016,x,2015,2015,2014,2014,2013,2013,2009,2014,2015,2012,2014,2014,2014,2014,2015,2015,2015,2015,2014,2014
135,Peru,PER,2014,2014,2014,2014,2014,2014,2014,2015,2015,2015,2016,2016,2015,2015,2014,2012,2016,2013,2014,2014,2015,2012,2012,2014,2014,2014,2014,2015,2012,2014,2013,2014,2015,2016,2015,2015,2015,2014,2014,2014,2014,2015,2014,2015,2012,2012,2014,2014,2014,2015,2015,2015,2015,2014,2014
136,Philippines,PHL,2014,2014,2014,2014,2014,2014,2014,2015,2015,2015,2016,2016,2015,2015,2014,2013,2016,2013,2014,2014,2015,2011,x,2014,2014,2014,2014,2015,2012,2014,2012,2014,2015,2016,2015,2015,2015,2014,2014,2014,2014,2015,2014,2015,2012,2008,2014,2014,2014,2015,2015,2015,2015,2014,2014
137,Poland,POL,2014,2014,2014,2014,2014,2014,2014,2015,2015,2015,2016,2016,2015,2015,2014,x,2016,2013,2014,x,2015,x,2012,2014,2014,2014,2014,2015,x,2014,2012,2014,2015,2016,x,2015,2015,2014,2014,2014,2014,2015,2014,2015,2012,2013,2014,2014,2014,2015,2015,2015,2015,2014,2014
138,Portugal,PRT,2014,2014,2014,2014,2014,2014,2014,2015,2015,2015,2016,2016,2015,2015,2014,x,2016,2013,2014,x,2015,x,2012,2014,2014,x,2014,2015,x,2014,2012,2014,2015,2016,x,2015,2015,2014,2014,2014,2014,2015,2014,2015,2012,2011,2014,2014,2014,2015,2015,2015,2015,2014,2014
139,Qatar,QAT,2014,2014,2014,2014,2014,2014,2014,2015,2015,2015,2016,2016,2015,2015,2014,x,2016,2013,2014,x,2015,x,2010,2014,2014,x,2014,2015,x,2014,x,2014,2015,2016,x,2015,2015,2014,2014,2014,2014,2015,2014,2015,2012,2014,2014,2014,2014,2015,2015,2015,2015,2014,2014
140,Romania,ROU,2014,2014,2014,2014,2014,2014,2014,2015,2015,2015,2016,2016,2015,2015,2014,x,2016,2013,2014,x,2015,x,2012,2014,2014,2013,2014,2015,x,2014,2012,2014,2015,2016,x,2015,2015,2014,2014,2014,2014,2015,2014,2015,2012,2011,2014,2014,2014,2015,2015,2015,2015,2014,2014
141,Russian Federation,RUS,2014,2014,2014,2014,2014,2014,2014,2015,2015,2015,2016,2016,2015,2015,2014,x,2016,2013,2014,x,2015,x,2010,2014,2014,x,2014,2015,x,2014,2012,2014,2015,2016,2015,2015,2015,2014,2014,2014,2014,x,2014,2015,2012,2010,2014,2014,2014,2015,2015,2015,2015,2014,2014
142,Rwanda,RWA,2014,2014,2014,2014,2014,2014,2014,2015,2015,2015,2016,2016,2015,2015,2014,2010,2016,2013,2014,2014,2015,2010,2010,2014,2014,2014,2014,2015,2012,2014,2011,2014,2015,2016,x,2016,2015,2014,2014,2013,2013,2015,2014,2015,2012,2012,2014,2014,2014,2015,2015,2015,2015,2014,2014
143,Saint Kitts and Nevis,KNA,2014,2014,2014,2014,2014,2014,2014,2015,2015,2015,2016,2016,2015,2015,2014,x,2016,2013,2014,x,2015,x,x,2014,2014,x,2014,2015,x,x,x,2014,2015,2016,x,2015,2015,2014,2014,2014,x,2015,2014,x,2012,x,2014,2014,2014,2007,2015,2015,2015,2014,2014
144,Saint Lucia,LCA,2014,2014,2014,2014,2014,2014,2014,2015,2015,2015,2016,2016,2015,2015,2014,2012,2016,2013,2014,2014,2015,2012,2012,2014,2014,x,2014,2015,x,x,x,2014,2015,2016,x,2015,2015,2014,2014,2014,2014,2009,2014,2013,2012,x,2014,2014,2014,2015,2015,2015,2015,2014,2014
145,Saint Vincent and the Grenadines,VCT,2014,2014,2014,2014,2014,2014,2014,2015,2015,2015,2016,2016,2015,2015,2014,x,2016,2013,2014,2014,2015,x,2012,2014,2014,x,2014,2015,x,x,x,2014,2015,2016,x,2015,2015,2014,2014,2014,2014,x,2014,2015,2012,x,2014,2014,2014,2007,2015,2015,2015,2014,2014
146,Samoa,WSM,2014,2014,2014,2014,2014,2014,2014,2015,2015,2015,2016,2016,2015,2015,2014,x,2016,2013,2014,2014,2015,2014,2010,2014,2014,x,2014,2015,x,2014,2008,2014,2015,2016,x,x,2015,2014,2014,x,x,2011,2014,2015,2012,2011,2014,2014,2014,2015,2015,2015,2015,2014,2014
147,Sao Tome and Principe,STP,2014,2014,2014,2014,2014,2014,2014,2015,2015,2015,2016,2016,2015,2015,2014,2009,2016,2013,2014,2014,2015,2008,x,2014,2014,2014,2014,2015,2012,x,2010,2014,2015,2016,x,2015,2015,2014,2014,x,x,x,2014,2015,2012,2008,2014,2014,2014,2015,2015,2014,2015,2014,2014
148,Saudi Arabia,SAU,2014,2014,2014,2014,2014,2014,2014,2015,2015,2015,2016,2016,2015,2015,2014,x,2016,2013,2014,x,2015,2005,2012,2014,2014,x,2014,2015,2012,2014,x,2014,2015,2016,x,2015,2015,2014,2014,2013,2014,x,2014,2015,2012,2013,2014,2014,2014,2015,2015,2015,2015,2014,2014
149,Senegal,SEN,2014,2014,2014,2014,2014,2014,2014,2015,2015,2015,2016,2016,2015,2015,2014,2014,2016,2013,2014,2014,2015,2014,2010,2014,2014,2014,2014,2015,2012,2014,2011,2014,2015,2016,2015,2015,2015,2014,2014,2014,2014,2015,2014,2015,2012,2013,2014,2014,2014,2015,2015,2015,2015,2014,2014
150,Serbia,SRB,2014,2014,2014,2014,2014,2014,2014,2015,2015,2015,2016,2016,2015,2015,2014,2014,2016,2013,2014,2014,2015,2014,2010,2014,2014,2013,2014,2015,x,2014,2010,2014,2015,2016,x,2015,2015,2014,2014,x,2012,2015,2014,2015,2012,2011,2014,2014,2014,2015,2015,2015,2015,2014,2014
151,Seychelles,SYC,2014,2014,2014,2014,2014,2014,2014,2015,2015,2015,2016,2016,2015,2015,2014,x,2016,2013,2014,2014,2015,2012,2012,2014,2014,x,2014,2015,x,x,2006,2014,2015,2016,x,x,2015,2014,2014,2013,2013,2015,2014,2015,2012,2010,2014,2014,2014,2015,2015,2015,2015,2014,2014
152,Sierra Leone,SLE,2014,2014,2014,2014,2014,2014,2014,2015,2015,2015,2016,2016,2015,2015,2014,2013,2016,2013,2014,2014,2015,2013,2010,2014,2014,2014,2014,2015,2012,2014,2011,2014,2015,2016,x,2015,2015,2014,2014,2014,2014,2009,2014,2015,2012,2013,2014,2014,2014,2015,2015,2015,2015,2014,2014
153,Singapore,SGP,2014,2014,2014,2014,2014,2014,2014,2015,2015,2015,2016,2016,2015,2015,2014,x,2016,2013,2014,x,2015,x,2013,2014,2014,x,2014,2015,x,2014,x,2014,2015,2016,x,2015,2015,2014,2014,2014,2014,2007,2014,2015,2012,2013,2014,2014,2014,2015,2015,2015,2015,2014,2014
154,Slovakia,SVK,2014,2014,2014,2014,2014,2014,2014,2015,2015,2015,2016,2016,2015,2015,2014,x,2016,2013,2014,x,2015,x,2012,2014,2014,2014,2014,2015,x,2014,2012,2014,2015,2016,x,2015,2015,2014,2014,2014,2014,2015,2014,2015,2012,x,2014,2014,2014,2015,2015,2015,2015,2014,2014
155,Slovenia,SVN,2014,2014,2014,2014,2014,2014,2014,2015,2015,2015,2016,2016,2015,2015,2014,x,2016,2013,2014,x,2015,x,2011,2014,2014,2014,2014,2015,x,2014,2012,2014,2015,2016,x,2015,2015,2014,2014,2014,2014,2015,2014,2015,2012,2013,2014,2014,2014,2015,2015,2015,2015,2014,2014
156,Solomon Islands,SLB,2014,2014,2014,2014,2014,2014,2014,2015,2015,2015,2016,2016,2015,2015,2014,x,2016,2013,2014,2014,2015,2007,2010,2014,2014,x,2014,2015,2012,x,2005,2014,2015,2016,x,2015,2015,2014,2014,x,x,2009,2014,x,2012,x,2014,2014,2014,2015,2015,2015,2015,2014,2014
157,Somalia,SOM,2014,2014,2014,2014,2014,2014,2014,2015,2015,2015,2016,2016,2015,2015,x,2006,2016,2013,2014,2014,2015,2009,2010,2014,2014,2014,x,2015,2012,2012,x,2014,2015,2016,2015,2015,2015,2014,2014,x,x,x,2014,2015,2012,x,2014,2014,2014,2011,2011,2014,2015,2014,2014
158,South Africa,ZAF,2014,2014,2014,2014,2014,2014,2014,2015,2015,2015,2016,2016,2015,2015,2014,2012,2016,2013,2014,2014,2015,2008,2013,2014,2014,2014,2014,2015,2012,2014,2011,2014,2015,2016,x,2015,2015,2014,2014,2014,2014,2015,2014,2015,2012,2012,2014,2014,2014,2015,2015,2015,2015,2014,2014
159,South Sudan,SSD,2014,2014,2014,2014,2014,2014,2014,2015,2015,2015,2016,2016,2015,2015,2014,2010,2016,2013,2014,2014,2015,2010,x,2014,2014,2014,2014,2015,2012,x,x,2014,2015,2016,2015,2016,2015,2014,2014,x,x,x,2014,2015,2012,2008,2014,2014,2014,2015,2015,2015,2015,2014,2014
160,Spain,ESP,2014,2014,2014,2014,2014,2014,2014,2015,2015,2015,2016,2016,2015,2015,2014,x,2016,2013,2014,x,2015,x,2013,2014,2014,2013,2014,2015,x,2014,2012,2014,2015,2016,x,2015,2015,2014,2014,2014,2014,2015,2014,2015,2012,2013,2014,2014,2014,2015,2015,2015,2015,2014,2014
161,Sri Lanka,LKA,2014,2014,2014,2014,2014,2014,2014,2015,2015,2015,2016,2016,2015,2015,2014,x,2016,2013,2014,2014,2015,2012,2010,2014,2014,2014,2014,2015,2012,2014,2012,2014,2015,2016,2015,2015,2015,2014,2014,2014,2014,2015,2014,2015,2012,2010,2014,2014,2014,2015,2015,2015,2015,2014,2014
162,Sudan,SDN,2014,2014,2014,2014,2014,2014,2014,2015,2015,2015,2016,2016,2015,2015,2014,2010,2016,2013,2014,2014,2015,2014,2010,2014,2014,2014,2014,2015,2012,2014,2009,2014,2015,2016,2015,2016,2015,2014,2014,x,x,2011,2014,2015,2012,2013,2014,2014,2014,2014,2014,2015,2015,2014,2014
163,Suriname,SUR,2014,2014,2014,2014,2014,2014,2014,2015,2015,2015,2016,2016,2015,2015,2014,2010,2016,2013,2014,2014,2015,2010,2012,2014,2014,2014,2014,2015,2012,2014,x,2014,2015,2016,x,2015,2015,2014,2014,2013,2013,x,2014,2015,2012,2010,2014,2014,2014,2015,2015,2015,2015,2014,2014
164,Swaziland,SWZ,2014,2014,2014,2014,2014,2014,2014,2015,2015,2015,2016,2016,2015,2015,2014,2010,2016,2013,2014,2014,2015,2010,2009,2014,2014,2014,2014,2015,2012,2014,2009,2014,2015,2016,x,2015,2015,2014,2014,x,x,2015,2014,2015,2012,2010,2014,2014,2014,2015,2015,2015,2015,2014,2014
165,Sweden,SWE,2014,2014,2014,2014,2014,2014,2014,2015,2015,2015,2016,2016,2015,2015,2014,x,2016,2013,2014,x,2015,x,2011,2014,2014,2014,2014,2015,x,2014,2012,2014,2015,2016,x,2015,2015,2014,2014,2014,2014,2015,2014,2015,2012,x,2014,2014,2014,2015,2015,2015,2015,2014,2014
166,Switzerland,CHE,2014,2014,2014,2014,2014,2014,2014,2015,2015,2015,2016,2016,2015,2015,2014,x,2016,2013,2014,x,2015,x,2012,2014,2014,2013,2014,2015,x,2014,2012,2014,2015,2016,x,2015,2015,2014,2014,2014,2014,2015,2014,2015,2012,x,2014,2014,2014,2015,2015,2015,2015,2014,2014
167,Syria,SYR,2014,2014,2014,2014,2014,2014,2014,2015,2015,2015,2016,2016,2015,2015,2014,2009,2016,2013,2014,x,2015,2009,2010,2014,2014,2014,2014,2015,x,2014,2004,2014,2015,2016,2015,2015,2015,2014,2014,x,x,2009,2014,2015,2012,2013,2014,2014,2014,2015,2015,x,2015,2014,2014
168,Tajikistan,TJK,2014,2014,2014,2014,2014,2014,2014,2015,2015,2015,2016,2016,2015,2015,2014,2012,2016,2013,2014,2014,2015,2012,2013,2014,2014,2014,2014,2015,2012,2014,2009,2014,2015,2016,x,2015,2015,2014,2014,x,x,2009,2014,2015,2012,2013,2014,2014,2014,2015,2015,2015,2015,2014,2014
169,Tanzania,TZA,2014,2014,2014,2014,2014,2014,2014,2015,2015,2015,2016,2016,2015,2015,2014,2010,2016,2013,2014,2014,2015,2011,2012,2014,2014,2014,2014,2015,2012,2014,2012,2014,2015,2016,x,2016,2015,2014,2014,2013,2014,2015,2014,2015,2012,2012,2014,2014,2014,2015,2015,2015,2015,2014,2014
170,Thailand,THA,2014,2014,2014,2014,2014,2014,2014,2015,2015,2015,2016,2016,2015,2015,2014,2006,2016,2013,2014,2014,2015,2012,2010,2014,2014,2014,2014,2015,2012,2014,2012,2014,2015,2016,2015,2015,2015,2014,2014,2014,2014,2015,2014,2015,2012,2010,2014,2014,2014,2015,2015,2015,2015,2014,2014
171,The former Yugoslav Republic of Macedonia,MKD,2014,2014,2014,2014,2014,2014,2014,2015,2015,2015,2016,2016,2015,2015,2014,2011,2016,2013,2014,2014,2015,2011,2010,2014,2014,2013,2014,2015,x,2014,2008,2014,2015,2016,2015,2015,2015,2014,2014,2013,2013,2015,2014,2015,2012,2013,2014,2014,2014,2015,2015,2015,2015,2014,2014
172,Timor-Leste,TLS,2014,2014,2014,2014,2014,2014,2014,2015,2015,2015,2016,2016,2015,2015,2014,2010,2016,2013,2014,2014,2015,2009,2011,2014,2014,x,2014,2015,2012,x,2007,2014,2015,2016,2015,2015,2015,2014,2014,x,x,2009,2014,2015,2012,2010,2014,2014,2014,2015,2015,2015,2015,2014,2014
173,Togo,TGO,2014,2014,2014,2014,2014,2014,2014,2015,2015,2015,2016,2016,2015,2015,2014,2014,2016,2013,2014,2014,2015,2014,2010,2014,2014,2014,2014,2015,2012,2014,2011,2014,2015,2016,2015,2015,2015,2014,2014,2014,2014,2015,2014,2015,2012,2011,2014,2014,2014,2015,2015,2015,2015,2014,2014
174,Tonga,TON,2014,2014,2014,2014,2014,2014,2014,2015,2015,2015,2016,2016,2015,2015,2014,x,2016,2013,2014,2014,2015,2012,2010,2014,2014,x,2014,2015,x,2014,2009,2014,2015,2016,x,2015,2015,2014,2014,x,x,2011,2014,x,2012,2011,2014,2014,2014,2015,2015,2014,2015,2014,2014
175,Trinidad and Tobago,TTO,2014,2014,2014,2014,2014,2014,2014,2015,2015,2015,2016,2016,2015,2015,2014,2006,2016,2013,2014,x,2015,x,2010,2014,2014,2013,2014,2015,x,2014,x,2014,2015,2016,x,2015,2015,2014,2014,2013,2013,2011,2014,2015,2012,2013,2014,2014,2014,2015,2015,2015,2015,2014,2014
176,Tunisia,TUN,2014,2014,2014,2014,2014,2014,2014,2015,2015,2015,2016,2016,2015,2015,2014,2012,2016,2013,2014,2014,2015,2012,2010,2014,2014,2014,2014,2015,x,2014,2010,2014,2015,2016,x,2015,2015,2014,2014,2014,2014,2011,2014,2015,2012,2011,2014,2014,2014,2015,2015,2015,2015,2014,2014
177,Turkey,TUR,2014,2014,2014,2014,2014,2014,2014,2015,2015,2015,2016,2016,2015,2015,2014,x,2016,2013,2014,2014,2015,2013,2011,2014,2014,x,2014,2015,2012,2014,2012,2014,2015,2016,2015,2016,2015,2014,2014,2014,2014,2015,2014,2015,2012,2013,2014,2014,2014,2015,2015,2015,2015,2014,2014
178,Turkmenistan,TKM,2014,2014,2014,2014,2014,2014,2014,2015,2015,2015,2016,2016,2015,2015,2014,x,2016,2013,2014,2014,2015,x,2010,2014,2014,x,2014,2015,x,x,x,2014,2015,2016,x,2015,2015,2014,2014,x,x,x,2014,2015,2012,2013,2014,2014,2014,2006,2006,2015,2015,2014,2014
179,Tuvalu,TUV,2014,2014,2014,2014,2014,2014,2014,2015,2015,2015,2016,2016,2015,2015,x,x,2016,2013,2014,2014,2015,2007,2010,2014,2014,x,2014,2015,x,x,x,2014,2015,2016,x,x,2015,2014,2014,x,x,x,2014,x,2012,x,2013,2014,2014,2013,2015,2014,2015,2014,2014
180,Uganda,UGA,2014,2014,2014,2014,2014,2014,2014,2015,2015,2015,2016,2016,2015,2015,2014,2011,2016,2013,2014,2014,2015,2011,2010,2014,2014,2014,2014,2015,2012,2014,2012,2014,2015,2016,2015,2016,2015,2014,2014,2013,2014,x,2014,2015,2012,2012,2014,2014,2014,2015,2015,2015,2015,2014,2014
181,Ukraine,UKR,2014,2014,2014,2014,2014,2014,2014,2015,2015,2015,2016,2016,2015,2015,2014,2012,2016,2013,2014,2014,2015,x,2013,2014,2014,2014,2014,2015,x,2014,2013,2014,2015,2016,2015,2015,2015,2014,2014,2013,2014,x,2014,2015,2012,2013,2014,2014,2014,2015,2015,2015,2015,2014,2014
182,United Arab Emirates,ARE,2014,2014,2014,2014,2014,2014,2014,2015,2015,2015,2016,2016,2015,2015,2014,x,2016,2013,2014,x,2015,x,2010,2014,2014,x,2014,2015,x,2014,x,2014,2015,2016,x,2015,2015,2014,2014,x,x,2015,2014,2015,2012,x,2014,2014,2014,2015,2015,2015,2015,2014,2014
183,United Kingdom,GBR,2014,2014,2014,2014,2014,2014,2014,2015,2015,2015,2016,2016,2015,2015,2014,x,2016,2013,2014,x,2015,x,2013,2014,2014,2013,2014,2015,x,2014,2012,2014,2015,2016,x,2015,2015,2014,2014,2014,2014,2015,2014,2015,2012,x,2014,2014,2014,2015,2015,2015,2015,2014,2014
184,United States of America,USA,2014,2014,2014,2014,2014,2014,2014,2015,2015,2015,2016,2016,2015,2015,2014,x,2016,2013,2014,x,2015,2012,2011,2014,2014,x,2014,2015,x,2014,2013,2014,2015,2016,x,2015,2015,2014,2014,2014,2014,2011,2014,2015,2012,x,2014,2014,2013,2015,2015,2015,2015,2014,2014
185,Uruguay,URY,2014,2014,2014,2014,2014,2014,2014,2015,2015,2015,2016,2016,2015,2015,2014,x,2016,2013,2014,2014,2015,2011,2010,2014,2014,2014,2014,2015,x,2014,2013,2014,2015,2016,x,2015,2015,2014,2014,2014,2014,2011,2014,2015,2012,2013,2014,2014,2014,2015,2015,2015,2015,2014,2014
186,Uzbekistan,UZB,2014,2014,2014,2014,2014,2014,2014,2015,2015,2015,2016,2016,2015,2015,2014,2006,2016,2013,2014,2014,2015,2006,2013,2014,2014,2014,2014,2015,x,x,2003,2014,2015,2016,x,2015,2015,2014,2014,x,x,2007,2014,2015,2012,2013,2014,2014,2014,2015,2012,2015,2015,2014,2014
187,Vanuatu,VUT,2014,2014,2014,2014,2014,2014,2014,2015,2015,2015,2016,2016,2015,2015,2014,2007,2016,2013,2014,2014,2015,2013,2010,2014,2014,x,2014,2015,2012,x,2010,2014,2015,2016,x,2015,2015,2014,2014,x,x,2011,2014,x,2012,2013,2014,2014,2014,2015,2015,2014,2015,2014,2014
188,Venezuela,VEN,2014,2014,2014,2014,2014,2014,2014,2015,2015,2015,2016,2016,2015,2015,2014,x,2016,2013,2014,x,2015,2009,x,2014,2014,2014,2014,2015,2012,2014,2006,2014,2015,2016,x,2015,2015,2014,2014,2014,2014,2015,2014,2015,2012,2011,2014,2014,2014,2015,2015,2013,2015,2014,2014
189,Viet Nam,VNM,2014,2014,2014,2014,2014,2014,2014,2015,2015,2015,2016,2016,2015,2015,2014,2011,2016,2013,2014,2014,2015,2013,2013,2014,2014,2014,2014,2015,2012,2014,2012,2014,2015,2016,x,2015,2015,2014,2014,x,x,2015,2014,2015,2012,2009,2014,2014,2014,2015,2015,2015,2015,2014,2014
190,Yemen,YEM,2014,2014,2014,2014,2014,2014,2014,2015,2015,2015,2016,2016,2015,2015,2014,2013,2016,2013,2014,x,2015,2013,2010,2014,2014,2014,2014,2015,2012,2014,2005,2014,2015,2016,2016,2016,2015,2014,2014,2013,2013,2015,2014,2015,2012,2013,2014,2014,2014,2012,2012,2013,2015,2014,2014
191,Zambia,ZMB,2014,2014,2014,2014,2014,2014,2014,2015,2015,2015,2016,2016,2015,2015,2014,2014,2016,2013,2014,2014,2015,2013,2012,2014,2014,2014,2014,2015,2012,2014,2010,2014,2015,2016,x,2015,2015,2014,2014,2013,2013,2009,2014,2015,2012,2007,2014,2014,2014,2015,2015,2015,2015,2014,2014
192,Zimbabwe,ZWE,2014,2014,2014,2014,2014,2014,2014,2015,2015,2015,2016,2016,2015,2015,2014,2014,2016,2013,2014,2014,2015,2014,2011,2014,2014,2014,2014,2015,2012,2014,x,2014,2015,2016,2015,2015,2015,2014,2014,x,x,2015,2014,2015,2012,2011,2014,2014,2014,2015,2015,2015,2015,2014,2014
